Workbook

Sheet README
A1: Scorecard mensual — Winerim
A3: 1. Rellena la pestaña 'Inputs' con tus datos mensuales.
A4: 2. Usa 'KPI Scorecard' para ver ticket medio, margen, rotación y alertas.
A5: 3. Registra top referencias y peores referencias para revisar acción comercial.
A6: 4. En 'Histórico' puedes comparar meses y ver evolución.

Sheet Inputs
A1: Datos mensuales
A3: Mes | B3: 2026-03
A4: Ventas vino (€) | B4: 12500
A5: Cubiertos | B5: 650
A6: Botellas vendidas | B6: 240
A7: Copas vendidas | B7: 180
A8: Coste vino vendido (€) | B8: 4300
A9: Stock inicial (€) | B9: 9800
A10: Stock final (€) | B10: 9100
A11: Referencias activas | B11: 78
A12: Referencias sin rotación | B12: 11
A13: Ticket medio total (€) | B13: 58

Sheet KPI Scorecard
A1: KPI | B1: Valor | C1: Objetivo | D1: Estado | E1: Comentario
A2: Ticket medio en vino (€) | B2: =IF(Inputs!B5=0,"",Inputs!B4/Inputs!B5) | C2: 16 | D2: =IF(B2>=C2,"OK",IF(B2>=C2*0.85,"Revisar","Crítico"))
A3: Margen bruto vino (€) | B3: =Inputs!B4-Inputs!B8 | C3: 7000 | D3: =IF(B3>=C3,"OK",IF(B3>=C3*0.85,"Revisar","Crítico"))
A4: Margen bruto (%) | B4: =IF(Inputs!B4=0,"",(Inputs!B4-Inputs!B8)/Inputs!B4) | C4: 0.62 | D4: =IF(B4>=C4,"OK",IF(B4>=C4*0.85,"Revisar","Crítico"))
A5: Botellas por cubierto | B5: =IF(Inputs!B5=0,"",Inputs!B6/Inputs!B5) | C5: 0.35 | D5: =IF(B5>=C5,"OK",IF(B5>=C5*0.85,"Revisar","Crítico"))
A6: Copas sobre ventas totales vino | B6: =IF((Inputs!B6+Inputs!B7)=0,"",Inputs!B7/(Inputs!B6+Inputs!B7)) | C6: 0.4 | D6: =IF(B6>=C6,"OK",IF(B6>=C6*0.85,"Revisar","Crítico"))
A7: Rotación de stock estimada | B7: =IF(AVERAGE(Inputs!B9,Inputs!B10)=0,"",Inputs!B8/AVERAGE(Inputs!B9,Inputs!B10)) | C7: 0.45 | D7: =IF(B7>=C7,"OK",IF(B7>=C7*0.85,"Revisar","Crítico"))
A8: % referencias sin rotación | B8: =IF(Inputs!B11=0,"",Inputs!B12/Inputs!B11) | C8: 0.1 | D8: =IF(B8<=C8,"OK",IF(B8<=C8*1.3,"Revisar","Crítico"))

Sheet Referencias
A1: Referencia | B1: Tipo | C1: Ventas (€) | D1: Botellas/Copas | E1: Margen (€) | F1: Ranking | G1: Acción
A2: Albariño Casa X | B2: Blanco | C2: 1450 | D2: 42 | E2: 980 | F2: Top | G2: Mantener
A3: Rioja Crianza Y | B3: Tinto | C3: 1320 | D3: 36 | E3: 860 | F3: Top | G3: Empujar
A4: Rosado Z | B4: Rosado | C4: 120 | D4: 5 | E4: 40 | F4: Bottom | G4: Retirar

Sheet Histórico
A1: Mes | B1: Ventas vino (€) | C1: Margen bruto (%) | D1: Ticket vino (€) | E1: Botellas/cubierto | F1: % refs sin rotación | G1: Comentario
A2: 2025-12 | B2: 10300 | C2: 0.58 | D2: 14.8 | E2: 0.31 | F2: 0.16
A3: 2026-01 | B3: 11050 | C3: 0.6 | D3: 15.5 | E3: 0.33 | F3: 0.14
A4: 2026-02 | B4: 11820 | C4: 0.61 | D4: 15.9 | E4: 0.34 | F4: 0.12
A5: 2026-03 | B5: =Inputs!B4 | C5: =(Inputs!B4-Inputs!B8)/Inputs!B4 | D5: =Inputs!B4/Inputs!B5 | E5: =Inputs!B6/Inputs!B5 | F5: =Inputs!B12/Inputs!B11

Sheet Semáforos
A1: Área | B1: Señal | C1: Lectura
A2: Ventas vino | B2: =IF('KPI Scorecard'!D2="OK","🟢",IF('KPI Scorecard'!D2="Revisar","🟡","🔴")) | C2: Controla ticket medio y empuje comercial.
A3: Margen | B3: =IF('KPI Scorecard'!D3="OK","🟢",IF('KPI Scorecard'!D3="Revisar","🟡","🔴")) | C3: Revisa pricing y mix.
A4: Rotación | B4: =IF('KPI Scorecard'!D7="OK","🟢",IF('KPI Scorecard'!D7="Revisar","🟡","🔴")) | C4: Vigila referencias lentas.
A5: Stock | B5: =IF('KPI Scorecard'!D6="OK","🟢",IF('KPI Scorecard'!D6="Revisar","🟡","🔴")) | C5: Mide salud de bodega.
